pid,group,name,slice,otsu_foreground,huang_foreground,otsu_foreground_ratio,huang_foreground_ratio,otsu_foreground_normalized,huang_foreground_normalized
1,5,1,1,4766,5552,0.072723388671875,0.084716796875,0.8271433530024297,0.3923674911660777
1,5,1,2,5447,6992,0.0831146240234375,0.106689453125,0.9453314821242624,0.4941342756183746
1,5,1,3,5073,7762,0.0774078369140625,0.118438720703125,0.880423464074974,0.5485512367491167
1,5,1,4,4973,9370,0.0758819580078125,0.142974853515625,0.8630683790350573,0.662190812720848
1,5,1,5,5280,10609,0.08056640625,0.1618804931640625,0.9163484901076016,0.7497526501766785
1,5,1,6,4957,10434,0.0756378173828125,0.159210205078125,0.8602915654286706,0.7373851590106008
1,5,1,7,4343,10308,0.0662689208984375,0.15728759765625,0.753731343283582,0.7284805653710247
1,5,1,8,4050,9538,0.061798095703125,0.145538330078125,0.7028809441166262,0.6740636042402827
1,5,1,9,3451,9669,0.0526580810546875,0.1475372314453125,0.5989239847275252,0.683321554770318
1,5,1,10,3993,10871,0.0609283447265625,0.1658782958984375,0.6929885456438737,0.7682685512367491
1,5,1,11,4889,11333,0.0746002197265625,0.1729278564453125,0.8484901076015272,0.8009187279151944
1,5,1,12,5382,11712,0.082122802734375,0.1787109375,0.9340506768483166,0.8277031802120142
1,5,1,13,5560,12251,0.0848388671875,0.1869354248046875,0.9649427282193683,0.8657950530035335
1,5,1,14,5690,14099,0.086822509765625,0.2151336669921875,0.98750433877126,0.9963957597173145
1,5,1,15,5762,14150,0.087921142578125,0.215911865234375,1.0,1.0
1,5,1,16,4625,13531,0.0705718994140625,0.2064666748046875,0.8026726830961471,0.9562544169611308
1,5,1,17,4993,13334,0.0761871337890625,0.203460693359375,0.8665393960430406,0.9423321554770318
1,5,1,18,4846,12485,0.073944091796875,0.1905059814453125,0.8410274210343631,0.8823321554770318
1,5,1,19,4464,11493,0.068115234375,0.1753692626953125,0.7747309961818812,0.812226148409894
1,5,1,20,3878,10165,0.059173583984375,0.1551055908203125,0.6730301978479695,0.718374558303887
1,5,1,21,3842,9158,0.058624267578125,0.139739990234375,0.6667823672335994,0.6472084805653711
1,5,1,22,3762,9051,0.057403564453125,0.1381072998046875,0.6528982992016661,0.6396466431095407
1,5,1,23,4154,8581,0.063385009765625,0.1309356689453125,0.7209302325581395,0.6064310954063604
1,5,1,24,3924,7536,0.05987548828125,0.114990234375,0.6810135369663312,0.5325795053003534
1,5,1,25,4179,6271,0.0637664794921875,0.0956878662109375,0.7252690038181188,0.44318021201413427
1,5,1,26,4403,5667,0.0671844482421875,0.0864715576171875,0.7641443943075321,0.4004946996466431
1,5,1,27,3928,4787,0.0599365234375,0.0730438232421875,0.6817077403679278,0.33830388692579505
1,5,1,28,2458,2982,0.037506103515625,0.045501708984375,0.42658799028115235,0.21074204946996467
1,5,1,29,1815,2069,0.0276947021484375,0.0315704345703125,0.314994793474488,0.1462190812720848
1,5,1,30,911,1099,0.0139007568359375,0.0167694091796875,0.1581048247136411,0.0776678445229682
2,5,2,1,2348,2748,0.03582763671875,0.04193115234375,0.46707777998806443,0.23699870633893919
2,5,2,2,3240,3717,0.0494384765625,0.0567169189453125,0.6445195941913666,0.3205692108667529
2,5,2,3,3931,4866,0.0599822998046875,0.074249267578125,0.7819773224587229,0.41966364812419144
2,5,2,4,4692,6332,0.07159423828125,0.09661865234375,0.9333598567734235,0.5460974557999138
2,5,2,5,5027,7913,0.0767059326171875,0.1207427978515625,1.0,0.6824493316084519
2,5,2,6,4953,8913,0.0755767822265625,0.1360015869140625,0.9852794907499502,0.76869340232859
2,5,2,7,4864,9479,0.07421875,0.1446380615234375,0.9675750944897553,0.817507546356188
2,5,2,8,4765,9413,0.0727081298828125,0.1436309814453125,0.9478814402227969,0.8118154376886589
2,5,2,9,4665,9674,0.0711822509765625,0.147613525390625,0.9279888601551621,0.834325140146615
2,5,2,10,3721,8515,0.0567779541015625,0.1299285888671875,0.7402029043166899,0.734368262181975
2,5,2,11,3482,8247,0.053131103515625,0.1258392333984375,0.6926596379550428,0.711254851228978
2,5,2,12,3367,8515,0.0513763427734375,0.1299285888671875,0.6697831708772628,0.734368262181975
2,5,2,13,3003,8787,0.0458221435546875,0.1340789794921875,0.5973741794310722,0.7578266494178525
2,5,2,14,3247,9232,0.0495452880859375,0.140869140625,0.645912074796101,0.7962052608883139
2,5,2,15,4151,9937,0.0633392333984375,0.1516265869140625,0.8257409986075194,0.8570073307460112
2,5,2,16,4212,10057,0.06427001953125,0.1534576416015625,0.8378754724487766,0.8673566192324278
2,5,2,17,4514,11595,0.068878173828125,0.1769256591796875,0.8979510642530336,1.0
2,5,2,18,3410,9843,0.052032470703125,0.1501922607421875,0.6783369803063457,0.8489003880983182
2,5,2,19,3095,9000,0.0472259521484375,0.1373291015625,0.6156753530932962,0.7761966364812419
2,5,2,20,2947,8265,0.0449676513671875,0.1261138916015625,0.5862343345931967,0.7128072445019404
2,5,2,21,3914,8599,0.059722900390625,0.1312103271484375,0.7785955838472249,0.7416127641224666
2,5,2,22,4125,8561,0.0629425048828125,0.1306304931640625,0.8205689277899344,0.7383354894351013
2,5,2,23,4714,8386,0.071929931640625,0.127960205078125,0.9377362243883032,0.7232427770590771
2,5,2,24,4341,8478,0.0662384033203125,0.129364013671875,0.8635369007360255,0.7311772315653299
2,5,2,25,3873,8109,0.0590972900390625,0.1237335205078125,0.7704396260194948,0.6993531694695989
2,5,2,26,3168,6625,0.04833984375,0.1010894775390625,0.6301969365426696,0.5713669685209142
2,5,2,27,3242,5742,0.049468994140625,0.087615966796875,0.6449174457927194,0.49521345407503237
2,5,2,28,3230,4928,0.049285888671875,0.0751953125,0.6425303361846031,0.42501078050884
2,5,2,29,2932,3775,0.04473876953125,0.0576019287109375,0.5832504475830516,0.3255713669685209
2,5,2,30,2451,2787,0.0373992919921875,0.0425262451171875,0.4875671374577283,0.24036222509702457
3,5,3,1,4163,5240,0.0635223388671875,0.0799560546875,0.2669274172864837,0.2296633941093969
3,5,3,2,4999,6741,0.0762786865234375,0.1028594970703125,0.3205309053603488,0.29545056100981765
3,5,3,3,5815,7612,0.0887298583984375,0.11614990234375,0.372852013336753,0.3336255259467041
3,5,3,4,6679,9060,0.1019134521484375,0.13824462890625,0.42825083354706334,0.3970897615708275
3,5,3,5,7757,11315,0.1183624267578125,0.1726531982421875,0.4973711208002052,0.49592391304347827
3,5,3,6,8003,13603,0.1221160888671875,0.2075653076171875,0.5131443959989741,0.5962044179523142
3,5,3,7,8499,15284,0.1296844482421875,0.23321533203125,0.5449474224160041,0.6698807854137447
3,5,3,8,9063,16850,0.1382904052734375,0.257110595703125,0.5811105411644011,0.7385168302945302
3,5,3,9,11029,18812,0.1682891845703125,0.28704833984375,0.7071685047448064,0.8245091164095372
3,5,3,10,11890,20941,0.181427001953125,0.3195343017578125,0.7623749679404975,0.917820827489481
3,5,3,11,12795,21798,0.1952362060546875,0.332611083984375,0.8204026673506027,0.9553821879382889
3,5,3,12,13760,22079,0.2099609375,0.3368988037109375,0.8822775070530905,0.9676981065918654
3,5,3,13,15579,22518,0.2377166748046875,0.343597412109375,0.9989099769171582,0.9869389901823282
3,5,3,14,14550,21969,0.222015380859375,0.3352203369140625,0.9329315209027956,0.9628769284712483
3,5,3,15,15596,22816,0.23797607421875,0.34814453125,1.0,1.0
3,5,3,16,14280,22096,0.2178955078125,0.337158203125,0.9156193895870736,0.9684431977559608
3,5,3,17,12451,21980,0.1899871826171875,0.33538818359375,0.7983457296742754,0.9633590462833099
3,5,3,18,11195,21286,0.1708221435546875,0.324798583984375,0.7178122595537317,0.9329417952314165
3,5,3,19,11327,21905,0.1728363037109375,0.3342437744140625,0.7262759681969736,0.9600718793828892
3,5,3,20,9525,18266,0.1453399658203125,0.278717041015625,0.6107335214157477,0.800578541374474
3,5,3,21,8357,15356,0.1275177001953125,0.23431396484375,0.5358425237240318,0.6730364656381487
3,5,3,22,7243,13433,0.1105194091796875,0.2049713134765625,0.4644139522954604,0.5887535063113605
3,5,3,23,6916,11338,0.10552978515625,0.173004150390625,0.44344703770197486,0.4969319775596073
3,5,3,24,5631,9220,0.0859222412109375,0.14068603515625,0.36105411644011287,0.4041023842917251
3,5,3,25,4500,6660,0.06866455078125,0.10162353515625,0.2885355219286997,0.2919004207573633
3,5,3,26,3508,4818,0.05352783203125,0.073516845703125,0.22492946909463965,0.21116760168302945
3,5,3,27,2943,3543,0.0449066162109375,0.0540618896484375,0.18870223134136957,0.15528576437587657
3,5,3,28,2398,2864,0.036590576171875,0.043701171875,0.1537573736855604,0.12552594670406733
3,5,3,29,1935,2254,0.0295257568359375,0.034393310546875,0.12407027442934086,0.09879032258064516
3,5,3,30,1301,1602,0.0198516845703125,0.024444580078125,0.08341882533983072,0.07021388499298738
4,5,4,1,3143,3930,0.0479583740234375,0.059967041015625,0.33182010135135137,0.21052067709449326
4,5,4,2,3981,5398,0.0607452392578125,0.082366943359375,0.42029138513513514,0.28915791729162205
4,5,4,3,4936,6683,0.0753173828125,0.1019744873046875,0.5211148648648649,0.35799228626526675
4,5,4,4,5604,8214,0.08551025390625,0.125335693359375,0.5916385135135135,0.44000428540818515
4,5,4,5,4835,8579,0.0737762451171875,0.1309051513671875,0.5104518581081081,0.4595564602528391
4,5,4,6,4626,9339,0.070587158203125,0.1425018310546875,0.48838682432432434,0.5002678380115706
4,5,4,7,4756,10618,0.07257080078125,0.162017822265625,0.5021114864864865,0.5687808013713306
4,5,4,8,4514,12585,0.068878173828125,0.1920318603515625,0.4765625,0.6741482751232055
4,5,4,9,4782,13739,0.072967529296875,0.2096405029296875,0.504856418918919,0.7359652881937004
4,5,4,10,5409,14858,0.0825347900390625,0.226715087890625,0.5710515202702703,0.7959074351832012
4,5,4,11,6311,16317,0.0962982177734375,0.2489776611328125,0.6662795608108109,0.8740625669595029
4,5,4,12,7405,16860,0.1129913330078125,0.25726318359375,0.7817778716216216,0.9031497750160703
4,5,4,13,9181,17879,0.1400909423828125,0.2728118896484375,0.9692778716216216,0.957735161774159
4,5,4,14,8861,17472,0.1352081298828125,0.2666015625,0.9354940878378378,0.935933147632312
4,5,4,15,9472,18668,0.14453125,0.28485107421875,1.0,1.0
4,5,4,16,8131,17098,0.1240692138671875,0.260894775390625,0.858424831081081,0.915898864366831
4,5,4,17,7635,16835,0.1165008544921875,0.2568817138671875,0.8060599662162162,0.9018105849582173
4,5,4,18,6392,16426,0.0975341796875,0.250640869140625,0.674831081081081,0.879901435611742
4,5,4,19,6069,14543,0.0926055908203125,0.2219085693359375,0.6407305743243243,0.7790336404542533
4,5,4,20,5174,13022,0.078948974609375,0.198699951171875,0.5462415540540541,0.6975573173344761
4,5,4,21,5240,12102,0.0799560546875,0.184661865234375,0.5532094594594594,0.6482751232054853
4,5,4,22,4672,10379,0.0712890625,0.1583709716796875,0.49324324324324326,0.5559781444182559
4,5,4,23,4822,8750,0.073577880859375,0.133514404296875,0.5090793918918919,0.46871652024855365
4,5,4,24,3171,5327,0.0483856201171875,0.0812835693359375,0.33477618243243246,0.2853546175273195
4,5,4,25,2819,3535,0.0430145263671875,0.0539398193359375,0.2976140202702703,0.18936147418041568
4,5,4,26,2412,2825,0.03680419921875,0.0431060791015625,0.2546452702702703,0.15132847653739018
4,5,4,27,1887,2168,0.0287933349609375,0.0330810546875,0.19921875,0.11613456181701307
4,5,4,28,1204,1459,0.01837158203125,0.0222625732421875,0.12711148648648649,0.07815513177630169
4,5,4,29,679,798,0.0103607177734375,0.012176513671875,0.07168496621621621,0.042746946646668095
4,5,4,30,161,246,0.0024566650390625,0.003753662109375,0.016997466216216218,0.013177630169273624
5,5,5,1,3095,3824,0.0472259521484375,0.058349609375,0.6745858761987794,0.32390310011858375
5,5,5,2,4446,5663,0.067840576171875,0.0864105224609375,0.9690496948561464,0.47967135354904283
5,5,5,3,4117,6648,0.0628204345703125,0.1014404296875,0.8973408892763731,0.5631035066915128
5,5,5,4,4416,8637,0.0673828125,0.1317901611328125,0.962510897994769,0.7315771641538201
5,5,5,5,4095,9940,0.0624847412109375,0.15167236328125,0.8925457715780296,0.8419447738438083
5,5,5,6,4077,9967,0.0622100830078125,0.1520843505859375,0.8886224934612031,0.8442317465695409
5,5,5,7,4376,9609,0.0667724609375,0.1466217041015625,0.953792502179599,0.8139081822801965
5,5,5,8,3878,9659,0.059173583984375,0.1473846435546875,0.8452484742807324,0.8181433169574792
5,5,5,9,3173,9199,0.0484161376953125,0.1403656005859375,0.691586748038361,0.779180077926478
5,5,5,10,3130,8943,0.047760009765625,0.1364593505859375,0.6822144725370531,0.7574961883787904
5,5,5,11,3591,9580,0.0547943115234375,0.14617919921875,0.7826939843068875,0.8114518041673725
5,5,5,12,3487,9455,0.0532073974609375,0.1442718505859375,0.7600261551874455,0.8008639674741657
5,5,5,13,3928,10764,0.0599365234375,0.16424560546875,0.8561464690496948,0.9117397933254278
5,5,5,14,4183,10781,0.0638275146484375,0.1645050048828125,0.9117262423714037,0.9131797391157038
5,5,5,15,4588,11806,0.07000732421875,0.180145263671875,1.0,1.0
5,5,5,16,3879,11236,0.0591888427734375,0.17144775390625,0.8454664341761116,0.9517194646789768
5,5,5,17,3621,11062,0.0552520751953125,0.168792724609375,0.789232781168265,0.9369811960020329
5,5,5,18,3235,9815,0.0493621826171875,0.1497650146484375,0.7051002615518744,0.8313569371506014
5,5,5,19,3075,9696,0.0469207763671875,0.14794921875,0.6702266782911944,0.8212773166186684
5,5,5,20,3837,9883,0.0585479736328125,0.1508026123046875,0.8363121185701831,0.8371167203117059
5,5,5,21,3913,9134,0.0597076416015625,0.139373779296875,0.8528770706190061,0.7736744028460105
5,5,5,22,3453,9001,0.0526885986328125,0.1373443603515625,0.752615518744551,0.7624089446044384
5,5,5,23,3283,8845,0.0500946044921875,0.1349639892578125,0.7155623365300785,0.7491953244113163
5,5,5,24,3154,7773,0.048126220703125,0.1186065673828125,0.6874455100261552,0.6583940369303743
5,5,5,25,2106,6124,0.032135009765625,0.09344482421875,0.45902353966870096,0.5187192952735897
5,5,5,26,1923,4081,0.0293426513671875,0.0622711181640625,0.4191368788142982,0.34567169235981704
5,5,5,27,2446,3165,0.037322998046875,0.0482940673828125,0.533129904097646,0.2680840250719973
5,5,5,28,1695,2276,0.0258636474609375,0.03472900390625,0.3694420226678291,0.19278333050991023
5,5,5,29,724,1091,0.01104736328125,0.0166473388671875,0.15780296425457715,0.09241063865830934
5,5,5,30,115,266,0.0017547607421875,0.004058837890625,0.025065387968613774,0.022530916483144165
6,8,3,1,4496,4901,0.068603515625,0.0747833251953125,0.3265068990559187,0.2188141798374855
6,8,3,2,5436,6269,0.08294677734375,0.0956573486328125,0.39477124183006534,0.27989106170193767
6,8,3,3,6388,7695,0.09747314453125,0.1174163818359375,0.46390704429920115,0.34355746048754354
6,8,3,4,6543,8810,0.0998382568359375,0.134429931640625,0.47516339869281043,0.3933386909545495
6,8,3,5,6504,10509,0.0992431640625,0.1603546142578125,0.47233115468409587,0.46919367800696493
6,8,3,6,7041,12858,0.1074371337890625,0.196197509765625,0.5113289760348584,0.5740691133136887
6,8,3,7,7110,14654,0.108489990234375,0.223602294921875,0.5163398692810458,0.6542548441825163
6,8,3,8,6699,14619,0.1022186279296875,0.2230682373046875,0.4864923747276688,0.6526922046611304
6,8,3,9,7103,14864,0.1083831787109375,0.226806640625,0.5158315177923021,0.6636306813108314
6,8,3,10,6869,16222,0.1048126220703125,0.247528076171875,0.4988380537400145,0.7242610947406019
6,8,3,11,8021,18195,0.1223907470703125,0.2776336669921875,0.5824981844589687,0.8123493169032949
6,8,3,12,9302,19758,0.141937255859375,0.301483154296875,0.6755265068990559,0.8821323332440396
6,8,3,13,11313,21656,0.1726226806640625,0.3304443359375,0.8215686274509804,0.9668720421466203
6,8,3,14,12630,22355,0.192718505859375,0.3411102294921875,0.9172113289760349,0.9980801857308689
6,8,3,15,13770,21955,0.210113525390625,0.3350067138671875,1.0,0.9802214483436021
6,8,3,16,13657,22398,0.2083892822265625,0.341766357421875,0.9917937545388525,1.0
6,8,3,17,12048,22046,0.183837890625,0.336395263671875,0.8749455337690631,0.9842843110992053
6,8,3,18,9363,19702,0.1428680419921875,0.300628662109375,0.6799564270152505,0.8796321100098223
6,8,3,19,9105,19345,0.1389312744140625,0.2951812744140625,0.6612200435729847,0.8636931868916867
6,8,3,20,8968,17559,0.1368408203125,0.2679290771484375,0.6512708787218591,0.7839539244575409
6,8,3,21,9836,17446,0.15008544921875,0.266204833984375,0.7143064633260712,0.778908831145638
6,8,3,22,8710,15171,0.132904052734375,0.2314910888671875,0.6325344952795933,0.6773372622555586
6,8,3,23,8049,13769,0.1228179931640625,0.2100982666015625,0.5845315904139433,0.6147423877131887
6,8,3,24,7197,12077,0.1098175048828125,0.1842803955078125,0.5226579520697168,0.5391999285650505
6,8,3,25,6062,9788,0.092498779296875,0.14935302734375,0.4402323892519971,0.43700330386641667
6,8,3,26,5114,7877,0.078033447265625,0.1201934814453125,0.37138707334785764,0.35168318599874987
6,8,3,27,4409,6097,0.0672760009765625,0.0930328369140625,0.32018881626724766,0.272211804625413
6,8,3,28,4095,4879,0.0624847412109375,0.0744476318359375,0.2973856209150327,0.21783194928118582
6,8,3,29,3477,3973,0.0530548095703125,0.0606231689453125,0.25250544662309365,0.1773819090990267
6,8,3,30,2638,2943,0.040252685546875,0.0449066162109375,0.1915758896151053,0.1313956603268149
7,8,4,1,1891,2246,0.0288543701171875,0.034271240234375,0.13450458780852123,0.1001828805923547
7,8,4,2,2749,3225,0.0419464111328125,0.0492095947265625,0.19553311046304858,0.14385119764485482
7,8,4,3,3922,4981,0.059844970703125,0.0760040283203125,0.2789672096166157,0.2221776171996967
7,8,4,4,4460,6261,0.06805419921875,0.0955352783203125,0.31723451170068995,0.27927204603238326
7,8,4,5,4813,7958,0.0734405517578125,0.121429443359375,0.342342983142471,0.35496676925821846
7,8,4,6,6083,10214,0.0928192138671875,0.155853271484375,0.4326765772814567,0.45559570007582856
7,8,4,7,6577,12300,0.1003570556640625,0.18768310546875,0.4678142115370937,0.5486417770640974
7,8,4,8,7122,13798,0.108673095703125,0.210540771484375,0.5065794153211466,0.6154601008073509
7,8,4,9,7131,15037,0.1088104248046875,0.2294464111328125,0.5072195746496906,0.6707257237164905
7,8,4,10,7133,16502,0.1088409423828125,0.251800537109375,0.5073618322782559,0.7360720817164013
7,8,4,11,7951,19233,0.1213226318359375,0.2934722900390625,0.5655452023614767,0.8578883982336412
7,8,4,12,9481,20198,0.1446685791015625,0.308197021484375,0.6743722882139555,0.9009322449707837
7,8,4,13,10603,20316,0.1617889404296875,0.30999755859375,0.7541788178391067,0.906195637628797
7,8,4,14,11631,21812,0.1774749755859375,0.33282470703125,0.8272992389216872,0.9729247513269994
7,8,4,15,13475,22419,0.2056121826171875,0.3420867919921875,0.9584607724589231,1.0
7,8,4,16,14059,21989,0.2145233154296875,0.3355255126953125,1.0,0.9808198403140194
7,8,4,17,13632,22241,0.2080078125,0.3393707275390625,0.9696279963013017,0.9920603059904545
7,8,4,18,10547,21485,0.1609344482421875,0.3278350830078125,0.7501956042392773,0.958338908961149
7,8,4,19,9741,20071,0.1486358642578125,0.3062591552734375,0.6928657799274486,0.8952674071100406
7,8,4,20,9149,18239,0.1396026611328125,0.2783050537109375,0.6507575218721104,0.8135510058432579
7,8,4,21,9422,17701,0.143768310546875,0.2700958251953125,0.6701756881712781,0.7895535037245194
7,8,4,22,8148,15771,0.12432861328125,0.2406463623046875,0.5795575787751618,0.7034658102502341
7,8,4,23,7433,14615,0.1134185791015625,0.2230072021484375,0.5287004765630557,0.6519024042107141
7,8,4,24,6508,12460,0.09930419921875,0.19012451171875,0.4629063233515897,0.5557785806681832
7,8,4,25,6472,10733,0.0987548828125,0.1637725830078125,0.46034568603741377,0.4787457067665819
7,8,4,26,5565,8385,0.0849151611328125,0.1279449462890625,0.3958318514830358,0.3740131138766225
7,8,4,27,4727,6750,0.0721282958984375,0.102996826171875,0.3362259051141617,0.3010839020473705
7,8,4,28,4367,5499,0.0666351318359375,0.0839080810546875,0.310619531972402,0.24528301886792453
7,8,4,29,3951,4636,0.0602874755859375,0.07073974609375,0.281029945230813,0.20678888442838664
7,8,4,30,3345,3984,0.0510406494140625,0.060791015625,0.23792588377551746,0.17770640974173693
8,8,5,1,2485,2858,0.0379180908203125,0.043609619140625,0.17294174959983297,0.1245044652581137
8,8,5,2,3270,3832,0.049896240234375,0.0584716796875,0.22757324796436773,0.1669353082117186
8,8,5,3,4250,5086,0.064849853515625,0.077606201171875,0.29577562808824553,0.22156392942714007
8,8,5,4,4240,5922,0.064697265625,0.090362548828125,0.29507968543392027,0.25798301023742104
8,8,5,5,4585,7122,0.0699615478515625,0.108673095703125,0.31908970700814254,0.3102592027880636
8,8,5,6,5496,9677,0.0838623046875,0.1476593017578125,0.3824900828171759,0.42156392942714005
8,8,5,7,6045,11926,0.0922393798828125,0.181976318359375,0.4206973345396339,0.5195382269658027
8,8,5,8,6671,13993,0.1017913818359375,0.2135162353515625,0.4642633447003967,0.6095839686342844
8,8,5,9,7454,15267,0.113739013671875,0.2329559326171875,0.5187556545340664,0.66508385972555
8,8,5,10,7735,16450,0.1180267333984375,0.251007080078125,0.5383116431206069,0.7166194728817251
8,8,5,11,9703,19244,0.1480560302734375,0.29364013671875,0.6752731574918227,0.8383358745371379
8,8,5,12,10240,20368,0.15625,0.310791015625,0.7126452780290904,0.8873012415595731
8,8,5,13,11713,21590,0.1787261962890625,0.329437255859375,0.8151576310112046,0.9405358309736441
8,8,5,14,13302,22955,0.202972412109375,0.3502655029296875,0.9257429187834922,1.0
8,8,5,15,14369,22954,0.2192535400390625,0.350250244140625,1.0,0.9999564365062078
8,8,5,16,13641,22498,0.2081451416015625,0.343292236328125,0.9493353747651193,0.9800914833369636
8,8,5,17,14084,22877,0.21490478515625,0.3490753173828125,0.9801656343517294,0.9966020474842082
8,8,5,18,11976,21974,0.1827392578125,0.335296630859375,0.8334609228199596,0.9572642125898497
8,8,5,19,11089,21445,0.1692047119140625,0.3272247314453125,0.771730809381307,0.9342191243737747
8,8,5,20,9946,19636,0.151763916015625,0.29962158203125,0.6921845639919271,0.8554127641036812
8,8,5,21,9049,17777,0.1380767822265625,0.2712554931640625,0.6297585078989492,0.7744282291439774
8,8,5,22,8424,16067,0.1285400390625,0.2451629638671875,0.5862620920036189,0.6999346547593117
8,8,5,23,7316,14082,0.11163330078125,0.214874267578125,0.5091516459043774,0.6134611195817905
8,8,5,24,6208,11919,0.0947265625,0.1818695068359375,0.43204119980513606,0.5192332825092573
8,8,5,25,5562,9470,0.084869384765625,0.144500732421875,0.38708330433572274,0.4125462862121542
8,8,5,26,3992,6729,0.0609130859375,0.1026763916015625,0.2778203076066532,0.2931387497277282
8,8,5,27,3010,4985,0.045928955078125,0.0760650634765625,0.20947873895191035,0.21716401655412765
8,8,5,28,2646,3628,0.040374755859375,0.05535888671875,0.18414642633447004,0.15804835547810933
8,8,5,29,2406,2969,0.036712646484375,0.0453033447265625,0.16744380263066325,0.12934001306904813
8,8,5,30,2059,2388,0.0314178466796875,0.03643798828125,0.1432945925255759,0.1040296231757787
9,8,6,1,2495,2841,0.0380706787109375,0.0433502197265625,0.1850478380182452,0.12786929516608156
9,8,6,2,3268,3741,0.04986572265625,0.0570831298828125,0.2423792924423348,0.1683769916284094
9,8,6,3,3866,4998,0.058990478515625,0.076263427734375,0.28673143959059555,0.22495274102079396
9,8,6,4,5011,7051,0.0764617919921875,0.1075897216796875,0.37165319290958987,0.31735529750652625
9,8,6,5,5645,9108,0.0861358642578125,0.13897705078125,0.418675368983164,0.40993788819875776
9,8,6,6,6597,11238,0.1006622314453125,0.171478271484375,0.4892828005636728,0.5058061031596003
9,8,6,7,6828,12633,0.10418701171875,0.1927642822265625,0.5064154861677668,0.5685930326762085
9,8,6,8,7356,14261,0.11224365234375,0.2176055908203125,0.5455759104056961,0.6418669547213971
9,8,6,9,7659,15300,0.1168670654296875,0.23345947265625,0.5680486538604168,0.6886308398595733
9,8,6,10,7845,15760,0.1197052001953125,0.240478515625,0.5818438033078692,0.7093347736069854
9,8,6,11,9266,18371,0.141387939453125,0.2803192138671875,0.6872357783875992,0.8268521018993609
9,8,6,12,9560,19506,0.1458740234375,0.297637939453125,0.7090410146109917,0.8779368079935188
9,8,6,13,10924,20316,0.16668701171875,0.30999755859375,0.8102054438923089,0.9143937348096138
9,8,6,14,13047,21710,0.1990814208984375,0.331268310546875,0.9676629830156493,0.9771356557745972
9,8,6,15,13483,20690,0.2057342529296875,0.315704345703125,1.0,0.9312269331172923
9,8,6,16,13453,21453,0.2052764892578125,0.3273468017578125,0.9977749758955722,0.9655684580070213
9,8,6,17,13239,22218,0.2020111083984375,0.339019775390625,0.9819031372839873,1.0
9,8,6,18,10666,20187,0.162750244140625,0.3080291748046875,0.7910702365942298,0.9085876316500135
9,8,6,19,10081,20031,0.1538238525390625,0.3056488037109375,0.7476822665578877,0.9015662975965434
9,8,6,20,8599,18641,0.1312103271484375,0.2844390869140625,0.6377660757991545,0.8390044108380592
9,8,6,21,9102,17757,0.138885498046875,0.2709503173828125,0.6750723132833939,0.7992168512017284
9,8,6,22,7839,15015,0.1196136474609375,0.2291107177734375,0.5813987984869836,0.6758034026465028
9,8,6,23,7352,14127,0.1121826171875,0.2155609130859375,0.5452792405251057,0.6358358088036727
9,8,6,24,6367,12843,0.0971527099609375,0.1959686279296875,0.4722242824297263,0.5780448285174183
9,8,6,25,6822,11103,0.104095458984375,0.1694183349609375,0.5059704813468813,0.49972994869025117
9,8,6,26,4768,8929,0.07275390625,0.1362457275390625,0.3536304976637247,0.401881357457917
9,8,6,27,4539,6620,0.0692596435546875,0.10101318359375,0.33664614699992584,0.29795661175623367
9,8,6,28,3709,4660,0.0565948486328125,0.07110595703125,0.2750871467774234,0.2097398505716086
9,8,6,29,2699,3257,0.0411834716796875,0.0496978759765625,0.20017800192835422,0.14659285264200198
9,8,6,30,1987,2259,0.0303192138671875,0.0344696044921875,0.1473707631832678,0.10167431812044288
10,8,7,1,1375,1577,0.0209808349609375,0.0240631103515625,0.09691288412743163,0.0756681541192841
10,8,7,2,2092,2553,0.03192138671875,0.0389556884765625,0.1474485480687905,0.12249892039729379
10,8,7,3,3375,4293,0.0514984130859375,0.0655059814453125,0.23787707922187765,0.2059881963437455
10,8,7,4,3942,5116,0.060150146484375,0.07806396484375,0.2778404285311531,0.2454776642195672
10,8,7,5,4456,6586,0.0679931640625,0.100494384765625,0.3140682266704257,0.3160117076915695
10,8,7,6,5813,8764,0.0886993408203125,0.13372802734375,0.40971243304200733,0.420517249652128
10,8,7,7,6503,11272,0.0992279052734375,0.1719970703125,0.4583450803495912,0.5408569646370136
10,8,7,8,6951,12641,0.1060638427734375,0.1928863525390625,0.4899210600507471,0.6065447915167218
10,8,7,9,8076,13801,0.12322998046875,0.2105865478515625,0.569213419791373,0.6622043088143563
10,8,7,10,8827,16002,0.1346893310546875,0.244171142578125,0.6221454750493375,0.7678134446523679
10,8,7,11,10026,18179,0.152984619140625,0.2773895263671875,0.7066535100084579,0.8722710042704285
10,8,7,12,10462,18852,0.159637451171875,0.28765869140625,0.7373837045390471,0.9045631207715561
10,8,7,13,12006,19709,0.183197021484375,0.3007354736328125,0.8462080631519594,0.9456839882923084
10,8,7,14,13030,20472,0.198822021484375,0.3123779296875,0.9183817310403157,0.9822945156182524
10,8,7,15,14188,19750,0.21649169921875,0.301361083984375,1.0,0.9476512643347248
10,8,7,16,13509,20303,0.2061309814453125,0.3097991943359375,0.9521426557654356,0.9741854997360971
10,8,7,17,13470,20841,0.205535888671875,0.3180084228515625,0.9493938539610939,1.0
10,8,7,18,11041,19110,0.1684722900390625,0.291595458984375,0.7781928390188892,0.9169425651360299
10,8,7,19,10308,18313,0.15728759765625,0.2794342041015625,0.7265294615167748,0.8787006381651552
10,8,7,20,8420,16268,0.12847900390625,0.24822998046875,0.5934592613476177,0.7805767477568255
10,8,7,21,8178,14678,0.124786376953125,0.223968505859375,0.5764025937411897,0.7042848231850679
10,8,7,22,6659,12880,0.1016082763671875,0.196533203125,0.469340287566958,0.6180125713737344
10,8,7,23,5596,10765,0.08538818359375,0.1642608642578125,0.39441781787425995,0.5165299169905475
10,8,7,24,5096,8683,0.0777587890625,0.1324920654296875,0.35917676910064844,0.4166306799097932
10,8,7,25,4225,6470,0.0644683837890625,0.098724365234375,0.2977868621370172,0.31044575596180607
10,8,7,26,3443,5259,0.0525360107421875,0.0802459716796875,0.24266986185508882,0.2523391391967756
10,8,7,27,3829,4983,0.0584259033203125,0.0760345458984375,0.2698759515083169,0.23909601266733843
10,8,7,28,4125,4950,0.0629425048828125,0.075531005859375,0.2907386523822949,0.2375125953649057
10,8,7,29,3792,4368,0.057861328125,0.066650390625,0.2672681138990696,0.20958687203109255
10,8,7,30,2432,2982,0.037109375,0.045501708984375,0.17141246123484635,0.14308334532891895
11,13,6,1,2773,3182,0.0423126220703125,0.048553466796875,0.20762204252770292,0.14260105763197992
11,13,6,2,3608,4138,0.0550537109375,0.063140869140625,0.27014076070679843,0.1854441158017388
11,13,6,3,4319,5590,0.0659027099609375,0.085296630859375,0.32337526205450734,0.2505153715156404
11,13,6,4,5219,7193,0.0796356201171875,0.1097564697265625,0.39076070679844266,0.3223536793044725
11,13,6,5,6147,9197,0.0937957763671875,0.1403350830078125,0.46024258760107817,0.41216276776911354
11,13,6,6,6795,11126,0.1036834716796875,0.169769287109375,0.5087601078167115,0.49861073765349107
11,13,6,7,6794,12954,0.103668212890625,0.197662353515625,0.5086852351003295,0.5805324011831138
11,13,6,8,7211,14798,0.1100311279296875,0.225799560546875,0.5399071578316861,0.6631711033431926
11,13,6,9,7850,15897,0.119781494140625,0.2425689697265625,0.5877508235998802,0.7124226942726539
11,13,6,10,7700,16550,0.11749267578125,0.252532958984375,0.5765199161425576,0.7416868333781482
11,13,6,11,8942,18840,0.136444091796875,0.2874755859375,0.6695118298891883,0.8443129873621942
11,13,6,12,9605,20511,0.1465606689453125,0.3129730224609375,0.7191524408505541,0.9191987093304652
11,13,6,13,11592,21302,0.1768798828125,0.325042724609375,0.8679245283018868,0.9546473066236444
11,13,6,14,12901,22015,0.1968536376953125,0.3359222412109375,0.9659329140461216,0.9866003405933494
11,13,6,15,13356,21425,0.20379638671875,0.3269195556640625,1.0,0.9601595410952765
11,13,6,16,13069,21845,0.1994171142578125,0.3333282470703125,0.9785115303983228,0.9789818051447522
11,13,6,17,12406,22314,0.189300537109375,0.340484619140625,0.9288709194369572,1.0
11,13,6,18,10460,20576,0.15960693359375,0.31396484375,0.7831686133572926,0.9221116787666935
11,13,6,19,9907,20102,0.1511688232421875,0.306732177734375,0.7417640011979635,0.9008694093394282
11,13,6,20,9000,18906,0.1373291015625,0.288482666015625,0.6738544474393531,0.847270771712826
11,13,6,21,8295,17009,0.1265716552734375,0.2595367431640625,0.6210691823899371,0.7622568790893609
11,13,6,22,7551,15032,0.1152191162109375,0.2293701171875,0.5653638814016172,0.6736577933136148
11,13,6,23,7057,13743,0.1076812744140625,0.2097015380859375,0.528376759508835,0.6158913686474858
11,13,6,24,6077,10817,0.0927276611328125,0.1650543212890625,0.45500149745432766,0.48476292910280544
11,13,6,25,4921,8080,0.0750885009765625,0.123291015625,0.36844863731656186,0.362104508380389
11,13,6,26,4020,6232,0.06134033203125,0.0950927734375,0.30098831985624436,0.2792865465626961
11,13,6,27,4569,5868,0.0697174072265625,0.08953857421875,0.3420934411500449,0.26297391771981715
11,13,6,28,4755,5779,0.0725555419921875,0.0881805419921875,0.3560197663971249,0.25898539033790446
11,13,6,29,4126,4858,0.062957763671875,0.074127197265625,0.3089248277927523,0.21771085417226854
11,13,6,30,2625,3087,0.0400543212890625,0.0471038818359375,0.19654088050314467,0.13834364076364614
12,13,8,1,2716,3193,0.04144287109375,0.0487213134765625,0.1917808219178082,0.14739417439874442
12,13,8,2,3265,3827,0.0498199462890625,0.0583953857421875,0.23054653297556843,0.1766606656511102
12,13,8,3,3185,3809,0.0485992431640625,0.0581207275390625,0.22489761333145036,0.1758297558048285
12,13,8,4,3166,4198,0.048309326171875,0.064056396484375,0.22355599491597233,0.1937866408161381
12,13,8,5,3414,4808,0.052093505859375,0.0733642578125,0.24106764581273832,0.22194525227346165
12,13,8,6,5076,7516,0.07745361328125,0.11468505859375,0.35842395141929106,0.3469510224807275
12,13,8,7,6637,9873,0.1012725830078125,0.1506500244140625,0.46864849597514474,0.4557540506855006
12,13,8,8,6971,12030,0.1063690185546875,0.183563232421875,0.49223273548933766,0.5553247472649218
12,13,8,9,6563,12865,0.1001434326171875,0.1963043212890625,0.46342324530433554,0.5938697318007663
12,13,8,10,7020,13814,0.10711669921875,0.210784912109375,0.49569269877135996,0.6376771453630614
12,13,8,11,9667,17201,0.1475067138671875,0.2624664306640625,0.6826013274961164,0.7940266814383973
12,13,8,12,10051,18552,0.1533660888671875,0.2830810546875,0.7097161417878831,0.8563910815676499
12,13,8,13,11754,19968,0.179351806640625,0.3046875,0.8299675187120463,0.9217559894751419
12,13,8,14,12959,20494,0.1977386474609375,0.312713623046875,0.9150543708515746,0.9460370216498176
12,13,8,15,14148,21663,0.21588134765625,0.3305511474609375,0.9990114390622793,1.0
12,13,8,16,14162,21115,0.216094970703125,0.3221893310546875,1.0,0.9747034113465356
12,13,8,17,13482,21447,0.205718994140625,0.3272552490234375,0.9519841830249964,0.9900290818446199
12,13,8,18,11912,19904,0.1817626953125,0.3037109375,0.8411241350091795,0.9188016433550293
12,13,8,19,11390,19614,0.173797607421875,0.299285888671875,0.8042649343313092,0.9054147624982689
12,13,8,20,10262,18334,0.156585693359375,0.279754638671875,0.7246151673492445,0.8463278400960162
12,13,8,21,9611,16737,0.1466522216796875,0.2553863525390625,0.6786470837452337,0.7726076720675806
12,13,8,22,8701,14118,0.1327667236328125,0.215423583984375,0.6143906227933907,0.6517102894335964
12,13,8,23,6790,11735,0.103607177734375,0.1790618896484375,0.4794520547945205,0.5417070581175276
12,13,8,24,5178,9121,0.079010009765625,0.1391754150390625,0.36562632396554157,0.4210404837741772
12,13,8,25,4920,7447,0.0750732421875,0.1136322021484375,0.3474085581132608,0.34376586806998105
12,13,8,26,4184,5625,0.0638427734375,0.0858306884765625,0.29543849738737465,0.2596593269630245
12,13,8,27,4252,5144,0.06488037109375,0.0784912109375,0.30024007908487504,0.237455569404053
12,13,8,28,3703,4273,0.0565032958984375,0.0652008056640625,0.2614743680271148,0.1972487651756451
12,13,8,29,2274,2690,0.034698486328125,0.041046142578125,0.16057054088405592,0.12417486036098417
12,13,8,30,1603,1820,0.0244598388671875,0.02777099609375,0.11319022736901567,0.08401421779070305
13,13,10,1,2495,2707,0.0380706787109375,0.0413055419921875,0.16988969086204547,0.13820391075713484
13,13,10,2,3197,3449,0.0487823486328125,0.0526275634765625,0.21769031730900176,0.17608617960892428
13,13,10,3,3813,4428,0.0581817626953125,0.06756591796875,0.2596350265559036,0.22606831061418287
13,13,10,4,4253,5336,0.0648956298828125,0.0814208984375,0.2895955331608335,0.2724255884004697
13,13,10,5,5003,6790,0.0763397216796875,0.103607177734375,0.3406645785101457,0.3466584979833563
13,13,10,6,6000,8484,0.091552734375,0.12945556640625,0.40855236279449814,0.4331444325317813
13,13,10,7,7038,10351,0.107391357421875,0.1579437255859375,0.47923192155794636,0.5284627559095318
13,13,10,8,7765,11656,0.1184844970703125,0.1778564453125,0.5287348495165464,0.5950885791596467
13,13,10,9,8498,12635,0.129669189453125,0.1927947998046875,0.5786463298379408,0.6450707101649052
13,13,10,10,9139,13763,0.1394500732421875,0.2100067138671875,0.6222933405964864,0.7026599275029356
13,13,10,11,10544,16086,0.160888671875,0.245452880859375,0.7179626855508647,0.8212589983152091
13,13,10,12,10697,17202,0.1632232666015625,0.262481689453125,0.7283807708021245,0.8782355644049624
13,13,10,13,12979,18801,0.1980438232421875,0.2868804931640625,0.8837668527849653,0.9598713432378618
13,13,10,14,14024,19587,0.2139892578125,0.2988739013671875,0.9549230559716737,1.0
13,13,10,15,14686,19252,0.224090576171875,0.29376220703125,1.0,0.982896819318936
13,13,10,16,14065,19006,0.2146148681640625,0.290008544921875,0.9577148304507694,0.9703374687292592
13,13,10,17,13678,19340,0.208709716796875,0.29510498046875,0.9313632030505243,0.9873895951396334
13,13,10,18,11736,17663,0.1790771484375,0.2695159912109375,0.7991284216260384,0.901771583192934
13,13,10,19,11064,17119,0.1688232421875,0.2612152099609375,0.7533705569930547,0.8739980599377138
13,13,10,20,10291,16114,0.1570281982421875,0.245880126953125,0.7007353942530301,0.8226885178945219
13,13,10,21,10358,15408,0.158050537109375,0.235107421875,0.7052975623042353,0.7866442027875632
13,13,10,22,8376,12192,0.1278076171875,0.18603515625,0.5703390984611194,0.6224536682493491
13,13,10,23,7486,11322,0.114227294921875,0.172760009765625,0.5097371646466022,0.5780364527492725
13,13,10,24,6554,10029,0.100006103515625,0.1530303955078125,0.4462753642925235,0.5120232807474345
13,13,10,25,5488,7467,0.083740234375,0.1139373779296875,0.3736892278360343,0.38122223924031245
13,13,10,26,3818,5242,0.058258056640625,0.079986572265625,0.25997548685823235,0.26762648695563385
13,13,10,27,4046,4734,0.061737060546875,0.072235107421875,0.2755004766444233,0.2416909174452443
13,13,10,28,3890,4265,0.059356689453125,0.0650787353515625,0.2648781152117663,0.21774646449175475
13,13,10,29,3151,3522,0.0480804443359375,0.053741455078125,0.21455808252757727,0.17981314136927554
13,13,10,30,2159,2418,0.0329437255859375,0.036895751953125,0.1470107585455536,0.12344922652779905
14,14,2,1,2790,3335,0.042572021484375,0.0508880615234375,0.2116843702579666,0.14136147846727704
14,14,2,2,3660,4488,0.05584716796875,0.0684814453125,0.27769347496206376,0.19023397761953204
14,14,2,3,4108,5962,0.06268310546875,0.090972900390625,0.31168437025796664,0.2527127839945744
14,14,2,4,4314,7254,0.065826416015625,0.110687255859375,0.32731411229135055,0.30747711088504576
14,14,2,5,5260,9064,0.08026123046875,0.1383056640625,0.3990895295902883,0.38419803323160395
14,14,2,6,6050,11198,0.092315673828125,0.170867919921875,0.4590288315629742,0.4746524245506952
14,14,2,7,6653,13704,0.1015167236328125,0.2091064453125,0.5047799696509864,0.5808748728382502
14,14,2,8,7174,15267,0.109466552734375,0.2329559326171875,0.544309559939302,0.6471261444557477
14,14,2,9,7096,16393,0.1082763671875,0.2501373291015625,0.538391502276176,0.6948541878602916
14,14,2,10,7547,17994,0.1151580810546875,0.274566650390625,0.5726100151745068,0.7627161749745677
14,14,2,11,9396,19652,0.14337158203125,0.29986572265625,0.7128983308042489,0.8329942353340115
14,14,2,12,9309,20831,0.1420440673828125,0.3178558349609375,0.7062974203338391,0.8829688029840624
14,14,2,13,11969,22645,0.1826324462890625,0.3455352783203125,0.9081183611532625,0.9598592743302814
14,14,2,14,12794,23104,0.195220947265625,0.3525390625,0.9707132018209408,0.97931502204137
14,14,2,15,13180,22402,0.20111083984375,0.341827392578125,1.0,0.9495591726008816
14,14,2,16,12968,23592,0.1978759765625,0.3599853515625,0.9839150227617602,1.0
14,14,2,17,12051,22586,0.1838836669921875,0.344635009765625,0.914339908952959,0.9573584265852831
14,14,2,18,10152,21899,0.1549072265625,0.3341522216796875,0.770257966616085,0.9282383858935233
14,14,2,19,9608,21372,0.1466064453125,0.32611083984375,0.7289833080424886,0.9059003051881994
14,14,2,20,8808,20028,0.1343994140625,0.30560302734375,0.6682852807283763,0.8489318413021363
14,14,2,21,8588,18876,0.13104248046875,0.28802490234375,0.6515933232169955,0.8001017293997965
14,14,2,22,7255,15778,0.1107025146484375,0.240753173828125,0.5504552352048558,0.6687860291624279
14,14,2,23,7123,14399,0.1086883544921875,0.2197113037109375,0.5404400606980273,0.610334011529332
14,14,2,24,6326,12250,0.096527099609375,0.186920166015625,0.4799696509863429,0.5192438114615123
14,14,2,25,6291,10013,0.0959930419921875,0.1527862548828125,0.4773141122913505,0.4244235334011529
14,14,2,26,5302,8694,0.080902099609375,0.132659912109375,0.40227617602427923,0.3685147507629705
14,14,2,27,5015,7245,0.0765228271484375,0.1105499267578125,0.38050075872534145,0.3070956256358087
14,14,2,28,4564,5711,0.06964111328125,0.0871429443359375,0.3462822458270106,0.24207358426585282
14,14,2,29,2820,3772,0.04302978515625,0.05755615234375,0.21396054628224584,0.15988470668023058
14,14,2,30,2023,2373,0.0308685302734375,0.0362091064453125,0.15349013657056146,0.10058494404883012
15,14,3,1,2059,2673,0.0314178466796875,0.0407867431640625,0.1554548886372216,0.10781703775411423
15,14,3,2,3043,3934,0.0464324951171875,0.060028076171875,0.22974707436768593,0.15868021942562116
15,14,3,3,3375,4717,0.0514984130859375,0.0719757080078125,0.2548131370328426,0.19026298806066472
15,14,3,4,3391,5488,0.0517425537109375,0.083740234375,0.25602114005285015,0.22136172959019038
15,14,3,5,3287,6733,0.0501556396484375,0.1027374267578125,0.24816912042280106,0.27157954178767346
15,14,3,6,4431,9589,0.0676116943359375,0.1463165283203125,0.3345413363533409,0.3867779929009358
15,14,3,7,5687,12293,0.0867767333984375,0.1875762939453125,0.42936957342393356,0.4958454340109713
15,14,3,8,5845,14785,0.0891876220703125,0.2256011962890625,0.4412986032465081,0.5963617295901904
15,14,3,9,6093,16205,0.0929718017578125,0.2472686767578125,0.4600226500566251,0.6536382704098096
15,14,3,10,6530,18737,0.099639892578125,0.2859039306640625,0.49301623254058136,0.7557679896740884
15,14,3,11,8513,21366,0.1298980712890625,0.326019287109375,0.6427331068327671,0.861810261374637
15,14,3,12,9126,22533,0.139251708984375,0.3438262939453125,0.6890147225368063,0.9088818973862536
15,14,3,13,11120,23843,0.169677734375,0.3638153076171875,0.8395620989052472,0.9617215230719587
15,14,3,14,11831,24523,0.1805267333984375,0.3741912841796875,0.8932427331068328,0.9891497257179735
15,14,3,15,13061,24536,0.1992950439453125,0.3743896484375,0.9861079652699132,0.989674088415618
15,14,3,16,13245,24792,0.2021026611328125,0.3782958984375,1.0,1.0
15,14,3,17,12204,24708,0.18621826171875,0.37701416015625,0.9214043035107587,0.9966118102613747
15,14,3,18,10134,23112,0.154632568359375,0.3526611328125,0.765118912797282,0.9322362052274927
15,14,3,19,9229,22806,0.1408233642578125,0.347991943359375,0.6967912419781049,0.9198935140367861
15,14,3,20,8253,20759,0.1259307861328125,0.3167572021484375,0.6231030577576444,0.837326556953856
15,14,3,21,7910,18785,0.120697021484375,0.2866363525390625,0.5972064930162325,0.75770409809616
15,14,3,22,6613,16737,0.1009063720703125,0.2553863525390625,0.4992827482068705,0.6750968054211036
15,14,3,23,5738,14533,0.087554931640625,0.2217559814453125,0.43322008305020765,0.5861971603743142
15,14,3,24,4716,12207,0.07196044921875,0.1862640380859375,0.35605889014722536,0.4923765730880929
15,14,3,25,4851,9739,0.0740203857421875,0.1486053466796875,0.3662514156285391,0.39282833171990966
15,14,3,26,4023,7543,0.0613861083984375,0.1150970458984375,0.3037372593431484,0.3042513714101323
15,14,3,27,3816,6406,0.0582275390625,0.097747802734375,0.2881087202718007,0.2583898031623104
15,14,3,28,3205,4534,0.0489044189453125,0.069183349609375,0.24197810494526237,0.1828815747015166
15,14,3,29,2384,3147,0.036376953125,0.0480194091796875,0.17999244998112496,0.12693610842207165
15,14,3,30,1871,2345,0.0285491943359375,0.0357818603515625,0.14126085315213288,0.09458696353662471
16,6,1,1,2465,2904,0.0376129150390625,0.0443115234375,0.2532100667693888,0.17058270676691728
16,6,1,2,2548,3073,0.03887939453125,0.0468902587890625,0.2617360041088855,0.18050986842105263
16,6,1,3,3179,4038,0.0485076904296875,0.061614990234375,0.32655367231638416,0.23719454887218044
16,6,1,4,3970,5287,0.060577392578125,0.0806732177734375,0.40780688238315355,0.31056156015037595
16,6,1,5,4602,6477,0.070220947265625,0.0988311767578125,0.4727272727272727,0.3804628759398496
16,6,1,6,4518,7488,0.068939208984375,0.1142578125,0.46409861325115565,0.4398496240601504
16,6,1,7,4171,8224,0.0636444091796875,0.12548828125,0.4284540318438623,0.4830827067669173
16,6,1,8,4052,8839,0.06182861328125,0.1348724365234375,0.4162300975860298,0.5192081766917294
16,6,1,9,4477,10372,0.0683135986328125,0.15826416015625,0.4598870056497175,0.6092575187969925
16,6,1,10,4677,11373,0.0713653564453125,0.1735382080078125,0.48043143297380586,0.6680568609022557
16,6,1,11,5241,13340,0.0799713134765625,0.20355224609375,0.538366718027735,0.7835996240601504
16,6,1,12,6635,14810,0.1012420654296875,0.225982666015625,0.6815613764766307,0.8699483082706767
16,6,1,13,7376,15771,0.112548828125,0.2406463623046875,0.757678479712378,0.9263980263157895
16,6,1,14,8337,16583,0.1272125244140625,0.2530364990234375,0.8563944530046225,0.9740953947368421
16,6,1,15,9735,17024,0.1485443115234375,0.259765625,1.0,1.0
16,6,1,16,8771,17002,0.1338348388671875,0.259429931640625,0.9009758602978942,0.9987077067669173
16,6,1,17,8982,16562,0.137054443359375,0.252716064453125,0.9226502311248074,0.9728618421052632
16,6,1,18,7458,15327,0.113800048828125,0.2338714599609375,0.7661016949152543,0.9003171992481203
16,6,1,19,7217,14696,0.1101226806640625,0.2242431640625,0.7413456599897278,0.8632518796992481
16,6,1,20,6628,13695,0.10113525390625,0.2089691162109375,0.6808423215202877,0.8044525375939849
16,6,1,21,6519,12226,0.0994720458984375,0.186553955078125,0.6696456086286595,0.7181625939849624
16,6,1,22,5654,10234,0.086273193359375,0.156158447265625,0.5807909604519774,0.6011513157894737
16,6,1,23,5274,8378,0.080474853515625,0.127838134765625,0.5417565485362096,0.49212875939849626
16,6,1,24,4447,6144,0.0678558349609375,0.09375,0.45680534155110425,0.3609022556390977
16,6,1,25,3587,4845,0.0547332763671875,0.0739288330078125,0.3684643040575244,0.2845982142857143
16,6,1,26,2764,3857,0.04217529296875,0.0588531494140625,0.28392398561890086,0.2265625
16,6,1,27,1987,2542,0.0303192138671875,0.038787841796875,0.20410888546481767,0.1493186090225564
16,6,1,28,1323,1647,0.0201873779296875,0.0251312255859375,0.1359013867488444,0.09674577067669173
16,6,1,29,904,1088,0.0137939453125,0.0166015625,0.0928608115048793,0.06390977443609022
16,6,1,30,541,668,0.0082550048828125,0.01019287109375,0.055572675911658966,0.03923872180451128
17,6,2,1,3801,4509,0.0579986572265625,0.0688018798828125,0.3237097598364844,0.26578249336870025
17,6,2,2,5001,6108,0.0763092041015625,0.09320068359375,0.4259070005109862,0.3600353669319187
17,6,2,3,5609,7200,0.0855865478515625,0.10986328125,0.47768693578606714,0.4244031830238727
17,6,2,4,6215,8658,0.0948333740234375,0.132110595703125,0.5292965423266905,0.5103448275862069
17,6,2,5,6049,9997,0.0923004150390625,0.1525421142578125,0.5151592573667177,0.589272030651341
17,6,2,6,5812,10907,0.08868408203125,0.1664276123046875,0.4949753023335037,0.6429118773946361
17,6,2,7,6430,12338,0.098114013671875,0.188262939453125,0.5476068812808721,0.7272620100206307
17,6,2,8,7062,13661,0.107757568359375,0.2084503173828125,0.6014307613694431,0.8052460949012673
17,6,2,9,8608,15089,0.13134765625,0.2302398681640625,0.7330948731050928,0.8894193928676687
17,6,2,10,8701,14909,0.1327667236328125,0.2274932861328125,0.7410151592573667,0.8788093132920719
17,6,2,11,10352,16077,0.157958984375,0.2453155517578125,0.8816215295520354,0.9476569407603891
17,6,2,12,11520,16951,0.17578125,0.2586517333984375,0.9810935104752172,0.9991747715885647
17,6,2,13,11634,16220,0.177520751953125,0.24749755859375,0.9908022483392949,0.9560860595343353
17,6,2,14,11742,16965,0.179168701171875,0.2588653564453125,1.0,1.0
17,6,2,15,11165,16631,0.1703643798828125,0.2537689208984375,0.9508601601090104,0.9803124078986148
17,6,2,16,9419,15749,0.1437225341796875,0.2403106689453125,0.8021631749276102,0.9283230179781904
17,6,2,17,9294,14873,0.141815185546875,0.2269439697265625,0.7915176290240163,0.8766872973769525
17,6,2,18,8070,14220,0.123138427734375,0.21697998046875,0.6872764435360246,0.8381962864721485
17,6,2,19,7823,12758,0.1193695068359375,0.194671630859375,0.6662408448305229,0.75201886236369
17,6,2,20,6206,11421,0.094696044921875,0.1742706298828125,0.5285300630216317,0.673209549071618
17,6,2,21,5791,10717,0.0883636474609375,0.1635284423828125,0.49318685062169987,0.6317123489537283
17,6,2,22,5452,9257,0.08319091796875,0.1412506103515625,0.46431613013115314,0.5456528146183318
17,6,2,23,4774,7640,0.072845458984375,0.1165771484375,0.4065746891500596,0.4503389330975538
17,6,2,24,3891,5892,0.0593719482421875,0.08990478515625,0.33137455288707207,0.3473032714412025
17,6,2,25,3144,4320,0.0479736328125,0.06591796875,0.2677567705671947,0.2546419098143236
17,6,2,26,2810,3230,0.042877197265625,0.049285888671875,0.23931187191279168,0.19039198349543177
17,6,2,27,2260,2605,0.03448486328125,0.0397491455078125,0.19247146993697836,0.1535514294134984
17,6,2,28,1509,1842,0.0230255126953125,0.028106689453125,0.128513030148186,0.10857648099027409
17,6,2,29,876,1015,0.01336669921875,0.0154876708984375,0.0746039856923863,0.05982905982905983
17,6,2,30,325,418,0.0049591064453125,0.006378173828125,0.027678419349344233,0.024638962569997053
18,6,3,1,2534,2964,0.038665771484375,0.04522705078125,0.31564524165421026,0.20560488346281908
18,6,3,2,3533,4266,0.0539093017578125,0.065093994140625,0.44008470353761836,0.2959211986681465
18,6,3,3,4554,6015,0.069488525390625,0.0917816162109375,0.5672645739910314,0.4172447280799112
18,6,3,4,5736,8052,0.0875244140625,0.12286376953125,0.7144992526158446,0.5585460599334073
18,6,3,5,5821,9156,0.0888214111328125,0.13970947265625,0.7250871948181365,0.6351276359600444
18,6,3,6,5220,9840,0.07965087890625,0.150146484375,0.6502242152466368,0.6825749167591565
18,6,3,7,5645,10821,0.0861358642578125,0.1651153564453125,0.7031639262580966,0.7506243063263041
18,6,3,8,6211,12007,0.0947723388671875,0.1832122802734375,0.7736671649227703,0.8328940066592675
18,6,3,9,6496,12915,0.09912109375,0.1970672607421875,0.8091679123069258,0.8958795782463929
18,6,3,10,6060,13414,0.09246826171875,0.204681396484375,0.7548579970104634,0.9304938956714761
18,6,3,11,7039,14098,0.1074066162109375,0.215118408203125,0.8768061783756851,0.9779411764705882
18,6,3,12,6784,14123,0.103515625,0.2154998779296875,0.8450423517688092,0.9796753607103219
18,6,3,13,7602,14416,0.115997314453125,0.219970703125,0.9469357249626308,1.0
18,6,3,14,7390,13433,0.112762451171875,0.2049713134765625,0.9205281514698556,0.9318118756936737
18,6,3,15,8028,14294,0.12249755859375,0.218109130859375,1.0,0.9915371809100999
18,6,3,16,7234,13630,0.110382080078125,0.207977294921875,0.901096163428002,0.9454772475027747
18,6,3,17,6798,13370,0.103729248046875,0.204010009765625,0.8467862481315396,0.927441731409545
18,6,3,18,5899,12923,0.0900115966796875,0.1971893310546875,0.7348031888390633,0.8964345172031076
18,6,3,19,5934,12520,0.090545654296875,0.1910400390625,0.7391629297458894,0.8684794672586016
18,6,3,20,4675,10470,0.0713348388671875,0.159759521484375,0.5823368211260588,0.7262763596004439
18,6,3,21,4528,9400,0.069091796875,0.1434326171875,0.5640259093173892,0.6520532741398446
18,6,3,22,4514,8814,0.068878173828125,0.134490966796875,0.5622820129546587,0.6114039955604883
18,6,3,23,4883,8553,0.0745086669921875,0.1305084228515625,0.6082461385151968,0.5932991120976693
18,6,3,24,3640,7017,0.0555419921875,0.1070709228515625,0.4534130543099153,0.4867508324084351
18,6,3,25,3185,5642,0.0485992431640625,0.086090087890625,0.39673642252117586,0.3913706992230855
18,6,3,26,2629,4287,0.0401153564453125,0.0654144287109375,0.3274788241155954,0.29737791342952274
18,6,3,27,2370,3462,0.036163330078125,0.052825927734375,0.2952167414050822,0.24014983351831298
18,6,3,28,2038,2762,0.031097412109375,0.042144775390625,0.2538614848031888,0.19159267480577136
18,6,3,29,1741,2121,0.0265655517578125,0.0323638916015625,0.2168659691081216,0.14712819089900112
18,6,3,30,1081,1358,0.0164947509765625,0.020721435546875,0.1346537120079721,0.09420088790233075
19,6,4,1,4056,6922,0.0618896484375,0.105621337890625,0.513482719331561,0.3157702659550203
19,6,4,2,4856,7920,0.0740966796875,0.120849609375,0.6147613621977466,0.3612973860681538
19,6,4,3,5219,9479,0.0796356201171875,0.1446380615234375,0.6607165463982783,0.4324164043611149
19,6,4,4,5992,11404,0.0914306640625,0.17401123046875,0.7585770350677301,0.5202317412526801
19,6,4,5,6007,13455,0.0916595458984375,0.2053070068359375,0.7604760096214711,0.6137949911044204
19,6,4,6,6702,14787,0.102264404296875,0.2256317138671875,0.8484618306114698,0.6745586423977008
19,6,4,7,6820,16819,0.10406494140625,0.2566375732421875,0.8634004304342322,0.7672551434697322
19,6,4,8,6409,18364,0.0977935791015625,0.28021240234375,0.8113685276617293,0.8377355047671183
19,6,4,9,6434,20123,0.098175048828125,0.3070526123046875,0.8145334852512977,0.9179781944254368
19,6,4,10,6225,20353,0.0949859619140625,0.3105621337890625,0.7880744398025067,0.9284704164955978
19,6,4,11,7303,21921,0.1114349365234375,0.3344879150390625,0.9245474110646917,1.0
19,6,4,12,7657,21384,0.1168365478515625,0.3262939453125,0.9693632105329788,0.9755029423840154
19,6,4,13,7899,20954,0.1205291748046875,0.319732666015625,1.0,0.9558870489484969
19,6,4,14,7403,21276,0.1129608154296875,0.32464599609375,0.937207241422965,0.9705761598467223
19,6,4,15,7618,21544,0.116241455078125,0.3287353515625,0.9644258766932523,0.9828018794763013
19,6,4,16,6128,20304,0.093505859375,0.309814453125,0.7757944043549816,0.9262351170110853
19,6,4,17,5199,19641,0.0793304443359375,0.2996978759765625,0.6581845803266236,0.8959901464349254
19,6,4,18,4717,18471,0.0719757080078125,0.2818450927734375,0.5971641979997468,0.8426166689475845
19,6,4,19,4900,18201,0.07476806640625,0.2777252197265625,0.6203316875553868,0.830299712604352
19,6,4,20,4582,15303,0.069915771484375,0.2335052490234375,0.580073427016078,0.698097714520323
19,6,4,21,4504,13133,0.0687255859375,0.2003936767578125,0.5701987593366249,0.5991058802061949
19,6,4,22,4559,11425,0.0695648193359375,0.1743316650390625,0.5771616660336751,0.5211897267460426
19,6,4,23,4507,10078,0.0687713623046875,0.153778076171875,0.5705785542473731,0.45974180010036036
19,6,4,24,3610,8309,0.055084228515625,0.1267852783203125,0.4570198759336625,0.379042926873774
19,6,4,25,2622,6682,0.040008544921875,0.101959228515625,0.33194075199392326,0.3048218603165914
19,6,4,26,2058,4866,0.031402587890625,0.074249267578125,0.2605393087732624,0.22197892431914604
19,6,4,27,2044,3597,0.03118896484375,0.0548858642578125,0.2587669325231042,0.1640892295059532
19,6,4,28,1508,2759,0.02301025390625,0.0420989990234375,0.19091024180275984,0.1258610464851056
19,6,4,29,1086,2049,0.016571044921875,0.0312652587890625,0.13748575769084695,0.09347201313808677
19,6,4,30,713,1354,0.0108795166015625,0.020660400390625,0.09026459045448791,0.06176725514346973
20,6,5,1,3587,4962,0.0547332763671875,0.075714111328125,0.6837590545177278,0.3091588785046729
20,6,5,2,4452,6554,0.06793212890625,0.100006103515625,0.8486465878764773,0.40834890965732085
20,6,5,3,5246,8328,0.080047607421875,0.1270751953125,1.0,0.5188785046728972
20,6,5,4,5230,9522,0.079803466796875,0.145294189453125,0.9969500571864277,0.5932710280373832
20,6,5,5,4539,10274,0.0692596435546875,0.156768798828125,0.8652306519252764,0.6401246105919003
20,6,5,6,4554,11176,0.069488525390625,0.1705322265625,0.8680899733130004,0.6963239875389408
20,6,5,7,4135,12099,0.0630950927734375,0.1846160888671875,0.7882195958825772,0.7538317757009346
20,6,5,8,3688,12962,0.0562744140625,0.197784423828125,0.7030118185284026,0.807601246105919
20,6,5,9,3860,13541,0.05889892578125,0.2066192626953125,0.7357987037743042,0.8436760124610592
20,6,5,10,3962,14424,0.060455322265625,0.2200927734375,0.7552420892108272,0.8986915887850467
20,6,5,11,3967,15267,0.0605316162109375,0.2329559326171875,0.7561951963400686,0.951214953271028
20,6,5,12,4648,15368,0.0709228515625,0.2344970703125,0.8860083873427373,0.9575077881619938
20,6,5,13,5108,14922,0.07794189453125,0.227691650390625,0.9736942432329394,0.9297196261682243
20,6,5,14,5149,15654,0.0785675048828125,0.238861083984375,0.9815097216927182,0.9753271028037384
20,6,5,15,5246,16050,0.080047607421875,0.244903564453125,1.0,1.0
20,6,5,16,4260,14882,0.06500244140625,0.227081298828125,0.8120472741136103,0.927227414330218
20,6,5,17,4060,14499,0.06195068359375,0.2212371826171875,0.7739229889439573,0.9033644859813084
20,6,5,18,3505,13717,0.0534820556640625,0.2093048095703125,0.66812809759817,0.8546417445482866
20,6,5,19,4218,13229,0.064361572265625,0.2018585205078125,0.8040411742279833,0.8242367601246106
20,6,5,20,3888,11612,0.059326171875,0.17718505859375,0.7411361036980557,0.7234890965732087
20,6,5,21,4004,10522,0.06109619140625,0.160552978515625,0.7632481890964544,0.655576323987539
20,6,5,22,4248,9582,0.0648193359375,0.146209716796875,0.8097598170034311,0.5970093457943926
20,6,5,23,4692,8449,0.07159423828125,0.1289215087890625,0.894395730080061,0.5264174454828661
20,6,5,24,3793,7487,0.0578765869140625,0.1142425537109375,0.7230270682424704,0.4664797507788162
20,6,5,25,3065,5534,0.0467681884765625,0.084442138671875,0.5842546702249333,0.344797507788162
20,6,5,26,2450,3696,0.037384033203125,0.056396484375,0.4670224933282501,0.23028037383177571
20,6,5,27,1851,2610,0.0282440185546875,0.039825439453125,0.3528402592451392,0.16261682242990655
20,6,5,28,1425,2011,0.0217437744140625,0.0306854248046875,0.27163553183377814,0.12529595015576325
20,6,5,29,845,1238,0.0128936767578125,0.018890380859375,0.16107510484178422,0.07713395638629283
20,6,5,30,217,449,0.0033111572265625,0.0068511962890625,0.04136484940907358,0.027975077881619938
21,9,2,1,3593,3880,0.0548248291015625,0.0592041015625,0.23411741708477227,0.20711006725739298
21,9,2,2,4336,4714,0.066162109375,0.071929931640625,0.28253078777611257,0.25162805594106974
21,9,2,3,4338,4774,0.066192626953125,0.072845458984375,0.2826611064051606,0.25483078893989536
21,9,2,4,4470,5001,0.068206787109375,0.0763092041015625,0.2912621359223301,0.26694779545211916
21,9,2,5,4579,5814,0.0698699951171875,0.088714599609375,0.29836450120544733,0.3103448275862069
21,9,2,6,7511,9447,0.1146087646484375,0.1441497802734375,0.4894116113898482,0.5042703106651009
21,9,2,7,8500,11232,0.12969970703125,0.17138671875,0.5538541734540953,0.5995516173801644
21,9,2,8,8353,11922,0.1274566650390625,0.181915283203125,0.5442757542190656,0.6363830468666596
21,9,2,9,7621,11604,0.1162872314453125,0.17706298828125,0.49657913598748943,0.6194085619728835
21,9,2,10,8417,13034,0.1284332275390625,0.198883056640625,0.5484459503486023,0.6957403651115619
21,9,2,11,10678,14675,0.162933349609375,0.2239227294921875,0.6957711604873916,0.7833351126294438
21,9,2,12,11297,15349,0.1723785400390625,0.2342071533203125,0.7361047761777546,0.8193124799829188
21,9,2,13,13264,17648,0.202392578125,0.269287109375,0.8642731478464847,0.9420305327212555
21,9,2,14,14072,18003,0.2147216796875,0.2747039794921875,0.9169218739818857,0.9609800362976406
21,9,2,15,15347,18541,0.2341766357421875,0.2829132080078125,1.0,0.9896978755204441
21,9,2,16,14922,18734,0.227691650390625,0.285858154296875,0.9723072913272952,1.0
21,9,2,17,13903,18004,0.2121429443359375,0.27471923828125,0.9059099498273279,0.9610334151809544
21,9,2,18,10984,15597,0.1676025390625,0.2379913330078125,0.7157099107317391,0.8325504430447315
21,9,2,19,11545,15744,0.1761627197265625,0.240234375,0.7522642861797094,0.8403971388918544
21,9,2,20,10840,14908,0.1654052734375,0.22747802734375,0.7063269694402815,0.7957723924415501
21,9,2,21,10988,14403,0.16766357421875,0.2197723388671875,0.7159705479898352,0.7688160563681008
21,9,2,22,10014,12922,0.152801513671875,0.197174072265625,0.6525053756434482,0.6897619301804206
21,9,2,23,8597,11578,0.1311798095703125,0.176666259765625,0.5601746269629243,0.6180207110067257
21,9,2,24,7010,9612,0.106964111328125,0.14666748046875,0.45676679481331856,0.5130778264118715
21,9,2,25,7227,8974,0.1102752685546875,0.136932373046875,0.470906366065029,0.4790220988576919
21,9,2,26,5921,7289,0.0903472900390625,0.1112213134765625,0.3858083012966704,0.38907868047400446
21,9,2,27,4950,5779,0.075531005859375,0.0881805419921875,0.3225386068938555,0.30847656667022527
21,9,2,28,3996,4622,0.06097412109375,0.070526123046875,0.26037662083794877,0.2467171986762037
21,9,2,29,3517,3840,0.0536651611328125,0.05859375,0.2291653091809474,0.20497491192484255
21,9,2,30,2971,3167,0.0453338623046875,0.0483245849609375,0.1935883234508373,0.16905092345468134
22,9,3,1,4153,4926,0.0633697509765625,0.075164794921875,0.31209138047644097,0.22506510714122538
22,9,3,2,4532,5625,0.06915283203125,0.0858306884765625,0.34057263094611856,0.2570018732580984
22,9,3,3,4104,5738,0.0626220703125,0.087554931640625,0.30840910798827686,0.2621647553342167
22,9,3,4,3535,6224,0.0539398193359375,0.094970703125,0.26564965807469754,0.28436971718371634
22,9,3,5,4351,8924,0.0663909912109375,0.13616943359375,0.32697076726534907,0.4077306163476036
22,9,3,6,5638,11889,0.086029052734375,0.1814117431640625,0.42368678139325167,0.5431991593183169
22,9,3,7,5862,13249,0.089447021484375,0.2021636962890625,0.4405200270534305,0.605336501119386
22,9,3,8,6352,14249,0.096923828125,0.2174224853515625,0.47734275193507175,0.6510257230319367
22,9,3,9,6930,16906,0.105743408203125,0.257965087890625,0.5207785376117833,0.7724219856535843
22,9,3,10,8334,18282,0.127166748046875,0.278961181640625,0.6262869166604043,0.8352903550052543
22,9,3,11,8956,18914,0.13665771484375,0.288604736328125,0.673029232734651,0.8641659432539864
22,9,3,12,9344,19904,0.142578125,0.3037109375,0.7021868189674607,0.9093982729474117
22,9,3,13,11217,21009,0.1711578369140625,0.3205718994140625,0.8429398061170812,0.9598848631607804
22,9,3,14,12224,21887,0.1865234375,0.3339691162109375,0.9186142631697602,1.0
22,9,3,15,13307,21825,0.2030487060546875,0.3330230712890625,1.0,0.9971672682414219
22,9,3,16,12236,20874,0.18670654296875,0.318511962890625,0.9195160441872698,0.953716818202586
22,9,3,17,10103,20483,0.1541595458984375,0.3125457763671875,0.7592244683249417,0.9358523324347786
22,9,3,18,7628,18459,0.11639404296875,0.2816619873046875,0.5732321334635906,0.8433773472837758
22,9,3,19,8465,17859,0.1291656494140625,0.2725067138671875,0.6361313594348839,0.8159638141362453
22,9,3,20,8328,16768,0.1270751953125,0.255859375,0.6258360261516495,0.7661168730296523
22,9,3,21,7955,15975,0.1213836669921875,0.2437591552734375,0.5978056661907267,0.7298853200529994
22,9,3,22,6822,14242,0.104095458984375,0.217315673828125,0.512662508454197,0.6507058984785489
22,9,3,23,5715,12416,0.0872039794921875,0.189453125,0.42947320958893814,0.5672773792662311
22,9,3,24,5649,11017,0.0861968994140625,0.1681060791015625,0.4245134139926355,0.5033581578105725
22,9,3,25,5049,8855,0.0770416259765625,0.1351165771484375,0.3794243631171564,0.40457806003563757
22,9,3,26,4082,6655,0.062286376953125,0.1015472412109375,0.3067558427895093,0.3040617718280258
22,9,3,27,3584,5091,0.0546875,0.0776824951171875,0.26933193056286164,0.23260382875679628
22,9,3,28,3014,3875,0.045989990234375,0.0591278076171875,0.22649733223115653,0.17704573491113446
22,9,3,29,2595,3017,0.0395965576171875,0.0460357666015625,0.19501014503644698,0.13784438251016584
22,9,3,30,1682,2108,0.025665283203125,0.03216552734375,0.12639963928759299,0.09631287979165715
23,9,4,1,1350,1826,0.020599365234375,0.027862548828125,0.10366275051831375,0.08470173485481028
23,9,4,2,2567,3030,0.0391693115234375,0.046234130859375,0.19711280043000845,0.14055107152797106
23,9,4,3,3466,4025,0.052886962890625,0.0614166259765625,0.2661445135529448,0.18670563132015958
23,9,4,4,4198,5355,0.064056396484375,0.0817108154296875,0.3223527605006527,0.24839966601725577
23,9,4,5,4861,6630,0.0741729736328125,0.101165771484375,0.37326268908853566,0.3075424436404119
23,9,4,6,5591,8860,0.0853118896484375,0.13519287109375,0.42931736159103123,0.41098432136561835
23,9,4,7,6671,11386,0.1017913818359375,0.173736572265625,0.5122475620056822,0.5281566007978477
23,9,4,8,6090,12814,0.092926025390625,0.195526123046875,0.4676341856715043,0.5943965117357826
23,9,4,9,7746,14481,0.118194580078125,0.2209625244140625,0.5947938263073025,0.6717227943222933
23,9,4,10,8304,15869,0.126708984375,0.2421417236328125,0.6376410965215388,0.73610724557009
23,9,4,11,8799,16948,0.1342620849609375,0.25860595703125,0.6756507717115872,0.7861582707115687
23,9,4,12,8410,18034,0.128326416015625,0.275177001953125,0.6457805421177916,0.8365340012988218
23,9,4,13,9577,19744,0.1461334228515625,0.30126953125,0.7353912308991783,0.9158549030522312
23,9,4,14,10835,20354,0.1653289794921875,0.310577392578125,0.8319895569377256,0.9441506633268393
23,9,4,15,12825,20986,0.1956939697265625,0.320220947265625,0.9847961299239807,0.9734669264310233
23,9,4,16,12351,20757,0.1884613037109375,0.3167266845703125,0.9483989864086616,0.9628444197049819
23,9,4,17,13023,21558,0.1987152099609375,0.328948974609375,1.0,1.0
23,9,4,18,11403,20992,0.1739959716796875,0.3203125,0.8756046993780235,0.973745245384544
23,9,4,19,10367,20369,0.1581878662109375,0.3108062744140625,0.7960531367580435,0.944846460710641
23,9,4,20,9294,18904,0.141815185546875,0.2884521484375,0.7136604469016355,0.8768902495593284
23,9,4,21,8810,17776,0.134429931640625,0.271240234375,0.6764954311602549,0.8245662862974302
23,9,4,22,7674,15013,0.117095947265625,0.2290802001953125,0.5892651462796591,0.6964004082011318
23,9,4,23,7564,13722,0.11541748046875,0.209381103515625,0.5808185517929817,0.6365154467019204
23,9,4,24,6969,11998,0.1063385009765625,0.183074951171875,0.5351301543423175,0.5565451340569626
23,9,4,25,6903,9674,0.1053314208984375,0.147613525390625,0.530062197650311,0.4487429260599313
23,9,4,26,5662,8221,0.086395263671875,0.1254425048828125,0.4347692543960685,0.38134335281566006
23,9,4,27,5059,6525,0.0771942138671875,0.0995635986328125,0.388466559164555,0.302671861953799
23,9,4,28,4726,5767,0.072113037109375,0.0879974365234375,0.3628964140367043,0.2675109008256796
23,9,4,29,3932,4742,0.05999755859375,0.072357177734375,0.3019273592874146,0.21996474626588738
23,9,4,30,3158,3631,0.048187255859375,0.0554046630859375,0.242494048990248,0.16842935337229797
24,9,5,1,2644,3471,0.04034423828125,0.0529632568359375,0.19800793829102076,0.17690229855766781
24,9,5,2,3813,4596,0.0581817626953125,0.07012939453125,0.2855538081330038,0.23423882574792315
24,9,5,3,5028,6577,0.07672119140625,0.1003570556640625,0.37654459671983825,0.3352020794047194
24,9,5,4,6528,9128,0.099609375,0.1392822265625,0.4888789036171647,0.4652158401712451
24,9,5,5,6951,11440,0.1060638427734375,0.174560546875,0.5205571781622107,0.5830487742724632
24,9,5,6,8147,12973,0.1243133544921875,0.1979522705078125,0.6101250655283457,0.6611793486570511
24,9,5,7,8962,14320,0.136749267578125,0.218505859375,0.6711600389425597,0.7298302838795169
24,9,5,8,9390,15595,0.143280029296875,0.2379608154296875,0.7032127611772635,0.7948116813618062
24,9,5,9,10041,16537,0.1532135009765625,0.2523345947265625,0.7519658503707032,0.8428214667957801
24,9,5,10,10541,17873,0.1608428955078125,0.2727203369140625,0.7894106193364787,0.9109117781968299
24,9,5,11,11899,18990,0.1815643310546875,0.289764404296875,0.8911106118475249,0.9678405789715101
24,9,5,12,12511,18715,0.1909027099609375,0.2855682373046875,0.9369430090616341,0.9538249834361143
24,9,5,13,13353,19621,0.2037506103515625,0.2993927001953125,1.0,1.0
24,9,5,14,12607,18762,0.1923675537109375,0.286285400390625,0.944132404703063,0.9562203761276183
24,9,5,15,12822,19490,0.195648193359375,0.297393798828125,0.9602336553583465,0.993323479944957
24,9,5,16,10781,18455,0.1645050048828125,0.2816009521484375,0.8073841084400509,0.9405738749299221
24,9,5,17,10255,18284,0.1564788818359375,0.27899169921875,0.7679922114880551,0.9318587227970032
24,9,5,18,9494,16916,0.144866943359375,0.25811767578125,0.7110012731221448,0.8621375057336527
24,9,5,19,8258,15573,0.126007080078125,0.2376251220703125,0.6184378042387478,0.7936904337189745
24,9,5,20,6093,12023,0.0929718017578125,0.1834564208984375,0.45630195461694,0.6127618368075022
24,9,5,21,6043,10840,0.0922088623046875,0.1654052734375,0.4525574777203625,0.552469293104327
24,9,5,22,4857,9560,0.0741119384765625,0.1458740234375,0.363738485733543,0.48723306661230315
24,9,5,23,5092,8108,0.07769775390625,0.12371826171875,0.3813375271474575,0.41323072218541357
24,9,5,24,3444,6164,0.05255126953125,0.09405517578125,0.25791956863626153,0.3141532032006524
24,9,5,25,3239,4927,0.0494232177734375,0.0751800537109375,0.24256721336029358,0.2511085061923449
24,9,5,26,3364,4399,0.05133056640625,0.0671234130859375,0.25192840560173746,0.2241985627643851
24,9,5,27,2473,3217,0.0377349853515625,0.0490875244140625,0.18520182730472554,0.16395698486315682
24,9,5,28,1582,2034,0.024139404296875,0.031036376953125,0.11847524900771363,0.10366444115998165
24,9,5,29,1322,1541,0.020172119140625,0.0235137939453125,0.09900396914551038,0.0785383008001631
24,9,5,30,817,976,0.0124664306640625,0.014892578125,0.061184752490077134,0.04974262270016819
25,13,7,1,1341,1530,0.0204620361328125,0.023345947265625,0.10316971841821819,0.07431513503011462
25,13,7,2,2031,2294,0.0309906005859375,0.035003662109375,0.15625480843206646,0.11142413056149213
25,13,7,3,2717,3298,0.0414581298828125,0.050323486328125,0.20903215879366055,0.16019040217602487
25,13,7,4,3787,4777,0.0577850341796875,0.0728912353515625,0.29135251577165716,0.23202836603846902
25,13,7,5,3869,5767,0.0590362548828125,0.0879974365234375,0.2976611786428681,0.28011462988148433
25,13,7,6,4350,7360,0.066375732421875,0.1123046875,0.33466687182643484,0.3574897998834272
25,13,7,7,5208,9731,0.0794677734375,0.1484832763671875,0.40067702723495924,0.472653973188265
25,13,7,8,5826,10809,0.088897705078125,0.1649322509765625,0.448222803508232,0.5250145715951039
25,13,7,9,6929,12075,0.1057281494140625,0.1842498779296875,0.5330820126173258,0.5865067029337478
25,13,7,10,7294,12974,0.111297607421875,0.197967529296875,0.5611632558855209,0.6301729162619001
25,13,7,11,7598,14380,0.115936279296875,0.21942138671875,0.5845514694568396,0.6984651253157179
25,13,7,12,7959,16339,0.1214447021484375,0.2493133544921875,0.6123249730727804,0.7936176413444725
25,13,7,13,9431,17287,0.1439056396484375,0.2637786865234375,0.7255731651023234,0.8396638818729357
25,13,7,14,11043,18721,0.1685028076171875,0.2856597900390625,0.8495922449607632,0.9093161064697882
25,13,7,15,12686,19723,0.193572998046875,0.3009490966796875,0.975996307124173,0.9579852341169613
25,13,7,16,12466,19686,0.190216064453125,0.300384521484375,0.9590706262501923,0.9561880707208082
25,13,7,17,12998,20588,0.198333740234375,0.31414794921875,1.0,1.0
25,13,7,18,10039,18555,0.1531829833984375,0.2831268310546875,0.7723495922449608,0.9012531571789392
25,13,7,19,10172,19044,0.15521240234375,0.29058837890625,0.7825819356824126,0.925004857198368
25,13,7,20,8709,16482,0.1328887939453125,0.251495361328125,0.6700261578704416,0.8005634350106858
25,13,7,21,7189,14408,0.1096954345703125,0.2198486328125,0.5530850900138483,0.6998251408587527
25,13,7,22,5019,10675,0.0765838623046875,0.1628875732421875,0.3861363286659486,0.5185059257820089
25,13,7,23,4824,10466,0.0736083984375,0.159698486328125,0.3711340206185567,0.508354381192928
25,13,7,24,3904,9199,0.0595703125,0.1403656005859375,0.3003539006000923,0.4468136778706042
25,13,7,25,4136,7883,0.0631103515625,0.1202850341796875,0.3182028004308355,0.3828929473479697
25,13,7,26,4262,6604,0.065032958984375,0.10076904296875,0.3278965994768426,0.32076938022148827
25,13,7,27,4426,6157,0.067535400390625,0.0939483642578125,0.3405139252192645,0.2990577035166116
25,13,7,28,4758,5947,0.072601318359375,0.0907440185546875,0.36605631635636254,0.2888575869438508
25,13,7,29,3957,4811,0.0603790283203125,0.0734100341796875,0.3044314509924604,0.23367981348358266
25,13,7,30,2975,3473,0.0453948974609375,0.0529937744140625,0.228881366364056,0.16869049931999222
26,13,9,1,2416,2995,0.036865234375,0.0457000732421875,0.1762603049536733,0.13785326337107612
26,13,9,2,3228,3888,0.04925537109375,0.059326171875,0.23550010943313635,0.17895608947804473
26,13,9,3,3191,4038,0.0486907958984375,0.061614990234375,0.23280075873641204,0.18586025959679647
26,13,9,4,3207,4388,0.0489349365234375,0.06695556640625,0.23396804552418474,0.20196998987388382
26,13,9,5,3054,4985,0.046600341796875,0.0760650634765625,0.22280586561610854,0.2294485869465157
26,13,9,6,3417,6502,0.0521392822265625,0.099212646484375,0.24928868461370102,0.2992727607474915
26,13,9,7,5289,8990,0.0807037353515625,0.137176513671875,0.3858612387831035,0.41378992911718676
26,13,9,8,5219,10553,0.0796356201171875,0.1610260009765625,0.3807543590865981,0.48573138175457975
26,13,9,9,5149,12473,0.0785675048828125,0.1903228759765625,0.37564747939009263,0.5741047592746018
26,13,9,10,5527,13572,0.0843353271484375,0.20709228515625,0.40322462975122203,0.6246893123446562
26,13,9,11,7418,16281,0.113189697265625,0.2484283447265625,0.5411833369811045,0.7493786246893124
26,13,9,12,9060,17990,0.13824462890625,0.274505615234375,0.6609761435762749,0.8280401362422903
26,13,9,13,10280,19985,0.1568603515625,0.3049468994140625,0.7499817611439411,0.9198655988216883
26,13,9,14,11394,21005,0.173858642578125,0.3205108642578125,0.8312541037426132,0.9668139556292
26,13,9,15,12802,20555,0.195343017578125,0.3136444091796875,0.9339753410666083,0.9461014452729448
26,13,9,16,13707,21234,0.2091522216796875,0.324005126953125,1.0,0.9773543220104943
26,13,9,17,13513,21726,0.2061920166015625,0.331512451171875,0.9858466476982564,1.0
26,13,9,18,11931,20752,0.1820526123046875,0.316650390625,0.8704311665572335,0.9551689220289055
26,13,9,19,11148,20264,0.17010498046875,0.3092041015625,0.8133070693806085,0.9327073552425665
26,13,9,20,9597,19603,0.1464385986328125,0.2991180419921875,0.7001532063908952,0.9022829789192672
26,13,9,21,9713,18824,0.1482086181640625,0.2872314453125,0.7086160356022471,0.8664273221025499
26,13,9,22,8702,15925,0.132781982421875,0.2429962158203125,0.6348581016998613,0.7329927276074749
26,13,9,23,7775,14664,0.1186370849609375,0.2237548828125,0.5672284234332823,0.6749516708091687
26,13,9,24,5920,12262,0.09033203125,0.187103271484375,0.43189611147588824,0.5643928933075578
26,13,9,25,5643,9836,0.0861053466796875,0.15008544921875,0.41168745896257386,0.4527294485869465
26,13,9,26,5346,7893,0.081573486328125,0.1204376220703125,0.39001969796454367,0.3632974316487158
26,13,9,27,4943,6675,0.0754241943359375,0.1018524169921875,0.3606186619975195,0.3072355702844518
26,13,9,28,4120,5442,0.0628662109375,0.083038330078125,0.30057634785146276,0.25048329190831264
26,13,9,29,2769,3611,0.0422515869140625,0.0550994873046875,0.20201356970890785,0.1662063886587499
26,13,9,30,1704,2026,0.0260009765625,0.030914306640625,0.12431604289778946,0.09325232440393998
27,14,1,1,2162,2495,0.032989501953125,0.0380706787109375,0.17147842639593908,0.11658333722723237
27,14,1,2,3298,4120,0.050323486328125,0.0628662109375,0.2615799492385787,0.19251436848745385
27,14,1,3,4358,5313,0.066497802734375,0.0810699462890625,0.3456535532994924,0.24825942712957338
27,14,1,4,4222,5731,0.064422607421875,0.0874481201171875,0.33486675126903553,0.26779122470912575
27,14,1,5,3879,6407,0.0591888427734375,0.0977630615234375,0.30766180203045684,0.29937853371337786
27,14,1,6,5008,9103,0.076416015625,0.1389007568359375,0.39720812182741116,0.4253539554226438
27,14,1,7,6105,11291,0.0931549072265625,0.1722869873046875,0.48421637055837563,0.5275921685902528
27,14,1,8,6232,13341,0.0950927734375,0.2035675048828125,0.49428934010152287,0.6233820849493015
27,14,1,9,5891,13690,0.0898895263671875,0.208892822265625,0.46724302030456855,0.6396897341245736
27,14,1,10,5575,14391,0.0850677490234375,0.2195892333984375,0.4421795685279188,0.6724452128405215
27,14,1,11,7444,17074,0.11358642578125,0.260528564453125,0.5904187817258884,0.7978131862997057
27,14,1,12,8359,18239,0.1275482177734375,0.2783050537109375,0.6629917512690355,0.8522498948647259
27,14,1,13,9442,19256,0.144073486328125,0.2938232421875,0.7488895939086294,0.8997710387365077
27,14,1,14,10287,20274,0.1569671630859375,0.309356689453125,0.8159105329949239,0.9473389093967571
27,14,1,15,12246,21401,0.186859130859375,0.3265533447265625,0.9712880710659898,1.0
27,14,1,16,12608,21094,0.1923828125,0.321868896484375,1.0,0.9856548759403766
27,14,1,17,12595,21287,0.1921844482421875,0.3248138427734375,0.9989689086294417,0.9946731461146675
27,14,1,18,9795,20331,0.1494598388671875,0.3102264404296875,0.7768876903553299,0.9500023363394234
27,14,1,19,8018,19255,0.122344970703125,0.2938079833984375,0.6359454314720813,0.8997243119480398
27,14,1,20,7092,17533,0.10821533203125,0.2675323486328125,0.5625,0.8192607822064389
27,14,1,21,7312,16243,0.111572265625,0.2478485107421875,0.5799492385786802,0.75898322508294
27,14,1,22,6514,14381,0.099395751953125,0.2194366455078125,0.5166560913705583,0.6719779449558432
27,14,1,23,5983,13547,0.0912933349609375,0.2067108154296875,0.4745399746192893,0.6330078033736741
27,14,1,24,5080,11782,0.0775146484375,0.179779052734375,0.4029187817258883,0.5505350217279567
27,14,1,25,5597,11048,0.0854034423828125,0.1685791015625,0.4439244923857868,0.5162375589925704
27,14,1,26,5571,9242,0.0850067138671875,0.141021728515625,0.44186230964467005,0.43184897901967195
27,14,1,27,4953,7383,0.0755767822265625,0.1126556396484375,0.3928458121827411,0.3449838792579786
27,14,1,28,3877,5319,0.0591583251953125,0.0811614990234375,0.3075031725888325,0.24853978786038036
27,14,1,29,3291,3978,0.0502166748046875,0.060699462890625,0.2610247461928934,0.1858791645250222
27,14,1,30,2701,3163,0.0412139892578125,0.0482635498046875,0.21422906091370558,0.14779683192374188
28,14,4,1,1113,1378,0.0169830322265625,0.021026611328125,0.08018731988472623,0.06217289297960657
28,14,4,2,1723,2418,0.0262908935546875,0.036895751953125,0.12413544668587896,0.10909583107742285
28,14,4,3,2960,3807,0.045166015625,0.0580902099609375,0.2132564841498559,0.17176502436383323
28,14,4,4,3641,4719,0.0555572509765625,0.0720062255859375,0.2623198847262248,0.21291283161884136
28,14,4,5,3951,5516,0.0602874755859375,0.08416748046875,0.2846541786743516,0.24887204475726404
28,14,4,6,4547,7563,0.0693817138671875,0.1154022216796875,0.3275936599423631,0.3412290200324851
28,14,4,7,5469,9882,0.0834503173828125,0.150787353515625,0.3940201729106628,0.44585814834867354
28,14,4,8,5440,11801,0.0830078125,0.1800689697265625,0.3919308357348703,0.5324399927810864
28,14,4,9,6319,13255,0.0964202880859375,0.2022552490234375,0.45525936599423633,0.5980418696986104
28,14,4,10,6870,14441,0.104827880859375,0.2203521728515625,0.49495677233429397,0.6515520664140046
28,14,4,11,7666,15916,0.116973876953125,0.24285888671875,0.5523054755043227,0.7181014257354268
28,14,4,12,8765,18423,0.1337432861328125,0.2811126708984375,0.6314841498559077,0.8312127774769897
28,14,4,13,10405,20021,0.1587677001953125,0.3054962158203125,0.7496397694524496,0.9033116765926728
28,14,4,14,11510,21024,0.175628662109375,0.32080078125,0.829250720461095,0.9485652409312398
28,14,4,15,13724,21628,0.20941162109375,0.33001708984375,0.9887608069164265,0.9758166395957408
28,14,4,16,13394,21272,0.204376220703125,0.3245849609375,0.964985590778098,0.9597545569391807
28,14,4,17,13880,22164,0.2117919921875,0.33819580078125,1.0,1.0
28,14,4,18,11647,21271,0.1777191162109375,0.3245697021484375,0.8391210374639769,0.9597094387294712
28,14,4,19,10355,20639,0.1580047607421875,0.3149261474609375,0.7460374639769453,0.931194730193106
28,14,4,20,9597,19467,0.1464385986328125,0.2970428466796875,0.6914265129682997,0.8783161884136438
28,14,4,21,9050,18083,0.138092041015625,0.2759246826171875,0.6520172910662824,0.8158725861757805
28,14,4,22,6929,15249,0.1057281494140625,0.2326812744140625,0.49920749279538906,0.6880075798592312
28,14,4,23,6361,13099,0.0970611572265625,0.1998748779296875,0.45828530259365996,0.5910034289839379
28,14,4,24,5508,11775,0.08404541015625,0.1796722412109375,0.3968299711815562,0.531266919328641
28,14,4,25,5297,9573,0.0808258056640625,0.1460723876953125,0.38162824207492796,0.43191662154845695
28,14,4,26,4067,7759,0.0620574951171875,0.1183929443359375,0.2930115273775216,0.3500721891355351
28,14,4,27,3666,5489,0.055938720703125,0.0837554931640625,0.26412103746397697,0.24765385309510918
28,14,4,28,3909,5122,0.0596466064453125,0.078155517578125,0.281628242074928,0.23109547013174517
28,14,4,29,3353,4332,0.0511627197265625,0.06610107421875,0.24157060518731988,0.1954520844612886
28,14,4,30,2153,2693,0.0328521728515625,0.0410919189453125,0.15511527377521614,0.1215033387475185
29,14,5,1,1675,1954,0.0255584716796875,0.029815673828125,0.1352114949951566,0.0985524789428557
29,14,5,2,2852,3539,0.04351806640625,0.0540008544921875,0.23022279625443978,0.1784939728652847
29,14,5,3,3931,4842,0.0599822998046875,0.073883056640625,0.31732321601549884,0.24421243758511121
29,14,5,4,4149,5466,0.0633087158203125,0.083404541015625,0.3349208911850178,0.2756846724164019
29,14,5,5,4511,6270,0.0688323974609375,0.095672607421875,0.3641427187600904,0.3162354365259495
29,14,5,6,5521,8219,0.0842437744140625,0.1254119873046875,0.445673232160155,0.4145357340999647
29,14,5,7,6567,10675,0.1002044677734375,0.1628875732421875,0.530109783661608,0.5384072224744036
29,14,5,8,6307,11946,0.0962371826171875,0.182281494140625,0.509121730707136,0.602511726433651
29,14,5,9,6644,12400,0.10137939453125,0.189208984375,0.5363254762673555,0.6254097947243658
29,14,5,10,6783,12982,0.1035003662109375,0.198089599609375,0.5475460122699386,0.6547637060573965
29,14,5,11,7031,14837,0.1072845458984375,0.2263946533203125,0.5675653858572812,0.7483229938972109
29,14,5,12,7710,16551,0.117645263671875,0.2525482177734375,0.622376493380691,0.8347707671357241
29,14,5,13,9504,17690,0.14501953125,0.269927978515625,0.7671940587665482,0.8922176829575831
29,14,5,14,10257,18202,0.1565093994140625,0.277740478515625,0.8279786890539231,0.9180410551268472
29,14,5,15,12360,19310,0.1885986328125,0.294647216796875,0.9977397481433645,0.9739244464618954
29,14,5,16,12269,19655,0.1872100830078125,0.2999114990234375,0.9903939296092993,0.9913249609118878
29,14,5,17,12388,19827,0.18902587890625,0.3025360107421875,1.0,1.0
29,14,5,18,9785,18131,0.1493072509765625,0.2766571044921875,0.7898773006134969,0.9144600796893125
29,14,5,19,8710,17583,0.132904052734375,0.2682952880859375,0.7030997739748144,0.886821001664397
29,14,5,20,7735,16093,0.1180267333984375,0.2455596923828125,0.6243945753955441,0.8116709537499369
29,14,5,21,6971,14012,0.1063690185546875,0.21380615234375,0.5627219890216338,0.7067130680385333
29,14,5,22,5689,12205,0.0868072509765625,0.1862335205078125,0.4592347432999677,0.6155747213395875
29,14,5,23,5459,11362,0.0832977294921875,0.173370361328125,0.4406683887633193,0.5730569425530841
29,14,5,24,4902,9829,0.074798583984375,0.1499786376953125,0.39570552147239263,0.49573813486659607
29,14,5,25,5112,8384,0.0780029296875,0.1279296875,0.41265741039715853,0.4228577192717002
29,14,5,26,4539,6928,0.0692596435546875,0.105712890625,0.3664029706167259,0.34942250466535535
29,14,5,27,4665,6230,0.0711822509765625,0.095062255859375,0.3765741039715854,0.3142179855752257
29,14,5,28,5126,6356,0.078216552734375,0.09698486328125,0.41378753632547627,0.3205729560700055
29,14,5,29,5331,6217,0.0813446044921875,0.0948638916015625,0.4303358088472716,0.31356231401624046
29,14,5,30,4070,4773,0.062103271484375,0.0728302001953125,0.328543752018082,0.24073233469511274
